{
    "AkshanPassive": {
        "data_vals": {
            "maxstacks": [
                3.0,
                3.0,
                3.0,
                3.0,
                3.0,
                3.0,
                3.0
            ],
            "debuffduration": [
                4.5,
                4.5,
                4.5,
                4.5,
                4.5,
                4.5,
                4.5
            ],
            "shieldbadratio": [
                0.4000000059604645,
                0.4000000059604645,
                0.4000000059604645,
                0.4000000059604645,
                0.4000000059604645,
                0.4000000059604645,
                0.4000000059604645
            ],
            "shieldduration": [
                2.0,
                2.0,
                2.0,
                2.0,
                2.0,
                2.0,
                2.0
            ],
            "secondautoadratio": [
                0.5,
                0.5,
                0.5,
                0.5,
                0.5,
                0.5,
                0.5
            ],
            "hasteduration": [
                1.0,
                1.0,
                1.0,
                1.0,
                1.0,
                1.0,
                1.0
            ],
            "secondautoflexedattackrange": [
                100.0,
                100.0,
                100.0,
                100.0,
                100.0,
                100.0,
                100.0
            ],
            "secondautocritratio": [
                0.30000001192092896,
                0.30000001192092896,
                0.30000001192092896,
                0.30000001192092896,
                0.30000001192092896,
                0.30000001192092896,
                0.30000001192092896
            ],
            "PreCalculated0": [
                20.0,
                25.0,
                30.0,
                35.0,
                40.0,
                45.0,
                50.0,
                55.0,
                60.0,
                110.0,
                120.0,
                130.0,
                140.0,
                150.0,
                160.0,
                20.0,
                20.0,
                20.0
            ],
            "PreCalculated1": [
                16.0,
                16.0,
                16.0,
                16.0,
                16.0,
                16.0,
                12.0,
                12.0,
                12.0,
                12.0,
                12.0,
                8.0,
                8.0,
                8.0,
                8.0,
                8.0,
                4.0,
                4.0
            ]
        },
        "calcs": {
            "{562e0e51}": "35.0 + (champ.lvl) * 2.2222222222222223",
            "totalshieldamount": "40.0 + (champ.lvl) * 14.444444444444445 +  (self.{755b0946}[skill.lvl] * champ.bonus_atk)",
            "{2955043f}": "self.PreCalculated0[champ.lvl - 1]",
            "{9fdef24b}": "(self.{7859a7de}[skill.lvl] * champ.atk)",
            "passivecooldown": "self.PreCalculated1[champ.lvl - 1]",
            "{30e07458}": "(35.0 + (champ.lvl) * 2.2222222222222223) * (1.0) + ( (1.0 * champ.bonus_atk_speed))"
        }
    },
    "AkshanQ": {
        "data_vals": {
            "basedamage": [
                -15.0,
                5.0,
                25.0,
                45.0,
                65.0,
                85.0,
                105.0
            ],
            "adratio": [
                0.800000011920929,
                0.800000011920929,
                0.800000011920929,
                0.800000011920929,
                0.800000011920929,
                0.800000011920929,
                0.800000011920929
            ],
            "secondarytargetdamage": [
                0.32499998807907104,
                0.4000000059604645,
                0.4749999940395355,
                0.550000011920929,
                0.625,
                0.699999988079071,
                0.7749999761581421
            ],
            "hasteduration": [
                1.0,
                1.0,
                1.0,
                1.0,
                1.0,
                1.0,
                1.0
            ],
            "hastevalue": [
                0.4000000059604645,
                0.4000000059604645,
                0.4000000059604645,
                0.4000000059604645,
                0.4000000059604645,
                0.4000000059604645,
                0.4000000059604645
            ],
            "extensiondistance": [
                500.0,
                500.0,
                500.0,
                500.0,
                500.0,
                500.0,
                500.0
            ],
            "revealduration": [
                1.0,
                1.0,
                1.0,
                1.0,
                1.0,
                1.0,
                1.0
            ]
        },
        "calcs": {
            "finaldamage": "self.basedamage[skill.lvl] +  (self.adratio[skill.lvl] * champ.atk)"
        }
    },
    "AkshanW": {
        "data_vals": {
            "vengeanceduration": [
                60.0,
                60.0,
                60.0,
                60.0,
                60.0,
                60.0,
                60.0
            ],
            "msvalue": [
                70.0,
                80.0,
                90.0,
                100.0,
                110.0,
                120.0,
                130.0
            ],
            "shredvalue": [
                12.5,
                15.0,
                17.5,
                20.0,
                22.5,
                25.0,
                27.5
            ],
            "deathtimer": [
                1.0,
                1.0,
                1.0,
                1.0,
                1.0,
                1.0,
                1.0
            ],
            "passivesecondautoratio": [
                0.4000000059604645,
                0.46000000834465027,
                0.5199999809265137,
                0.5799999833106995,
                0.6399999856948853,
                0.699999988079071,
                0.7599999904632568
            ],
            "wallgraceperiod": [
                2.0,
                2.0,
                2.0,
                2.0,
                2.0,
                2.0,
                2.0
            ],
            "missingmanaregen": [
                0.11999999731779099,
                0.11999999731779099,
                0.11999999731779099,
                0.11999999731779099,
                0.11999999731779099,
                0.11999999731779099,
                0.11999999731779099
            ],
            "goldreward": [
                100.0,
                100.0,
                100.0,
                100.0,
                100.0,
                100.0,
                100.0
            ],
            "recentlydamagedwindow": [
                3.0,
                3.0,
                3.0,
                3.0,
                3.0,
                3.0,
                3.0
            ],
            "vfxtrailspeed": [
                3.0,
                3.0,
                3.0,
                3.0,
                3.0,
                3.0,
                3.0
            ],
            "passivewallrange": [
                175.0,
                175.0,
                175.0,
                175.0,
                175.0,
                175.0,
                175.0
            ],
            "stealthdetectionrange": [
                800.0,
                800.0,
                800.0,
                800.0,
                800.0,
                800.0,
                800.0
            ]
        },
        "calcs": {
            "{9fdef24b}": "(self.{89e043a4}[skill.lvl] * champ.atk)"
        }
    },